Sample in Buffer,Sample in Window,TRIGGER,SPI_CLK_OBUF,State_copy[8:0],SPI_RESET_OBUF,SPI_MOSI_OBUF,SPI_MISO_IBUF,data_input[7:0],data_output[7:0],rw_flag[1:0],SPI_CS_OBUF,TrigerEvent,SPI_gen_CLK
0,0,1,0,0,1,0,1,00,00,1,1,1,1
1,1,0,0,0,1,0,1,00,00,1,1,1,0
2,2,0,0,1,1,0,1,00,00,1,1,1,1
3,3,0,0,1,1,0,1,00,00,1,1,1,0
4,4,0,0,2,1,0,1,00,00,1,1,1,1
5,5,0,0,2,1,0,1,00,00,1,1,1,0
6,6,0,0,3,1,0,1,00,00,1,0,1,1
7,7,0,0,3,1,0,1,00,00,1,0,1,0
8,8,0,0,4,1,0,1,00,00,1,0,1,1
9,9,0,0,4,1,0,1,00,00,1,0,1,0
10,10,0,1,5,1,0,1,00,00,1,0,1,1
11,11,0,1,5,1,0,1,00,00,1,0,1,0
12,12,0,1,6,1,0,1,00,00,1,0,1,1
13,13,0,1,6,1,0,1,00,00,1,0,1,0
14,14,0,0,7,1,0,1,00,00,1,0,1,1
15,15,0,0,7,1,0,1,00,00,1,0,1,0
16,16,0,0,8,1,0,1,00,00,1,0,1,1
17,17,0,0,8,1,0,1,00,00,1,0,1,0
18,18,0,1,9,1,0,1,00,00,1,0,1,1
19,19,0,1,9,1,0,1,00,00,1,0,1,0
20,20,0,1,10,1,0,1,00,00,1,0,1,1
21,21,0,1,10,1,0,1,00,00,1,0,1,0
22,22,0,0,11,1,0,1,00,00,1,0,1,1
23,23,0,0,11,1,0,1,00,00,1,0,1,0
24,24,0,0,12,1,0,1,00,00,1,0,1,1
25,25,0,0,12,1,0,1,00,00,1,0,1,0
26,26,0,1,13,1,0,1,00,00,1,0,1,1
27,27,0,1,13,1,0,1,00,00,1,0,1,0
28,28,0,1,14,1,0,1,00,00,1,0,1,1
29,29,0,1,14,1,0,1,00,00,1,0,1,0
30,30,0,0,15,1,1,1,00,00,1,0,1,1
31,31,0,0,15,1,1,1,00,00,1,0,1,0
32,32,0,0,16,1,1,1,00,00,1,0,1,1
33,33,0,0,16,1,1,1,00,00,1,0,1,0
34,34,0,1,17,1,1,1,00,00,1,0,1,1
35,35,0,1,17,1,1,1,00,00,1,0,1,0
36,36,0,1,18,1,1,1,00,00,1,0,1,1
37,37,0,1,18,1,1,1,00,00,1,0,1,0
38,38,0,0,19,1,0,1,00,00,1,0,1,1
39,39,0,0,19,1,0,1,00,00,1,0,1,0
40,40,0,0,20,1,0,1,00,00,1,0,1,1
41,41,0,0,20,1,0,1,00,00,1,0,1,0
42,42,0,1,21,1,0,1,00,00,1,0,1,1
43,43,0,1,21,1,0,1,00,00,1,0,1,0
44,44,0,1,22,1,0,1,00,00,1,0,1,1
45,45,0,1,22,1,0,1,00,00,1,0,1,0
46,46,0,0,23,1,0,1,00,00,1,0,1,1
47,47,0,0,23,1,0,1,00,00,1,0,1,0
48,48,0,0,24,1,0,1,00,00,1,0,1,1
49,49,0,0,24,1,0,1,00,00,1,0,1,0
50,50,0,1,25,1,0,1,00,00,1,0,1,1
51,51,0,1,25,1,0,1,00,00,1,0,1,0
52,52,0,1,26,1,0,1,00,00,1,0,1,1
53,53,0,1,26,1,0,1,00,00,1,0,1,0
54,54,0,0,27,1,1,1,00,00,1,0,1,1
55,55,0,0,27,1,1,1,00,00,1,0,1,0
56,56,0,0,28,1,1,1,00,00,1,0,1,1
57,57,0,0,28,1,1,1,00,00,1,0,1,0
58,58,0,1,29,1,1,1,00,00,1,0,1,1
59,59,0,1,29,1,1,1,00,00,1,0,1,0
60,60,0,1,30,1,1,1,00,00,1,0,1,1
61,61,0,1,30,1,1,1,00,00,1,0,1,0
62,62,0,0,31,1,0,1,00,00,1,0,1,1
63,63,0,0,31,1,0,1,00,00,1,0,1,0
64,64,0,0,32,1,0,1,00,00,1,0,1,1
65,65,0,0,32,1,0,1,00,00,1,0,1,0
66,66,0,1,33,1,0,1,00,00,1,0,1,1
67,67,0,1,33,1,0,1,00,00,1,0,1,0
68,68,0,1,34,1,0,1,00,00,1,0,1,1
69,69,0,1,34,1,0,1,00,00,1,0,1,0
70,70,0,0,35,1,0,1,00,00,1,0,1,1
71,71,0,0,35,1,0,1,00,00,1,0,1,0
72,72,0,0,36,1,0,1,00,00,1,0,1,1
73,73,0,0,36,1,0,1,00,00,1,0,1,0
74,74,0,1,37,1,0,1,00,00,1,0,1,1
75,75,0,1,37,1,0,1,00,00,1,0,1,0
76,76,0,1,38,1,0,1,00,00,1,0,1,1
77,77,0,1,38,1,0,1,00,00,1,0,1,0
78,78,0,0,39,1,0,1,00,00,1,0,1,1
79,79,0,0,39,1,0,1,00,00,1,0,1,0
80,80,0,0,40,1,0,1,00,00,1,0,1,1
81,81,0,0,40,1,0,1,00,00,1,0,1,0
82,82,0,1,41,1,0,1,00,00,1,0,1,1
83,83,0,1,41,1,0,1,00,00,1,0,1,0
84,84,0,1,42,1,0,1,00,00,1,0,1,1
85,85,0,1,42,1,0,1,00,00,1,0,1,0
86,86,0,0,43,1,0,1,00,00,1,0,1,1
87,87,0,0,43,1,0,1,00,00,1,0,1,0
88,88,0,0,44,1,0,1,00,00,1,0,1,1
89,89,0,0,44,1,0,1,00,00,1,0,1,0
90,90,0,1,45,1,0,1,00,00,1,0,1,1
91,91,0,1,45,1,0,1,00,00,1,0,1,0
92,92,0,1,46,1,0,1,00,00,1,0,1,1
93,93,0,1,46,1,0,1,00,00,1,0,1,0
94,94,0,0,47,1,0,1,00,00,1,0,1,1
95,95,0,0,47,1,0,1,00,00,1,0,1,0
96,96,0,0,48,1,0,1,00,00,1,0,1,1
97,97,0,0,48,1,0,1,00,00,1,0,1,0
98,98,0,1,49,1,0,1,00,00,1,0,1,1
99,99,0,1,49,1,0,1,00,00,1,0,1,0
100,100,0,1,50,1,0,1,00,00,1,0,1,1
101,101,0,1,50,1,0,1,00,00,1,0,1,0
102,102,0,0,51,1,0,1,00,00,1,0,1,1
103,103,0,0,51,1,0,1,00,00,1,0,1,0
104,104,0,0,52,1,0,1,00,00,1,0,1,1
105,105,0,0,52,1,0,1,00,00,1,0,1,0
106,106,0,1,53,1,0,1,00,00,1,0,1,1
107,107,0,1,53,1,0,1,00,00,1,0,1,0
108,108,0,1,54,1,0,1,00,00,1,0,1,1
109,109,0,1,54,1,0,1,00,00,1,0,1,0
110,110,0,0,55,1,0,1,00,00,1,0,1,1
111,111,0,0,55,1,0,1,00,00,1,0,1,0
112,112,0,0,56,1,0,1,00,00,1,0,1,1
113,113,0,0,56,1,0,1,00,00,1,0,1,0
114,114,0,1,57,1,0,1,00,00,1,0,1,1
115,115,0,1,57,1,0,1,00,00,1,0,1,0
116,116,0,1,58,1,0,1,00,00,1,0,1,1
117,117,0,1,58,1,0,1,00,00,1,0,1,0
118,118,0,0,59,1,0,1,00,00,1,0,1,1
119,119,0,0,59,1,0,1,00,00,1,0,1,0
120,120,0,0,60,1,0,1,00,00,1,0,1,1
121,121,0,0,60,1,0,1,00,00,1,0,1,0
122,122,0,1,61,1,0,1,00,00,1,0,1,1
123,123,0,1,61,1,0,1,00,00,1,0,1,0
124,124,0,1,62,1,0,1,00,00,1,0,1,1
125,125,0,1,62,1,0,1,00,00,1,0,1,0
126,126,0,0,63,1,0,1,00,00,1,0,1,1
127,127,0,0,63,1,0,1,00,00,1,0,1,0
128,128,0,0,64,1,0,1,00,00,1,0,1,1
129,129,0,0,64,1,0,1,00,00,1,0,1,0
130,130,0,1,65,1,0,1,00,00,1,0,1,1
131,131,0,1,65,1,0,1,00,00,1,0,1,0
132,132,0,1,66,1,0,1,00,00,1,0,1,1
133,133,0,1,66,1,0,1,00,00,1,0,1,0
134,134,0,0,67,1,0,1,00,00,1,0,1,1
135,135,0,0,67,1,0,1,00,00,1,0,1,0
136,136,0,0,68,1,0,1,00,00,1,0,1,1
137,137,0,0,68,1,0,1,00,00,1,0,1,0
138,138,0,0,69,1,0,1,00,00,1,1,1,1
139,139,0,0,69,1,0,1,00,00,1,1,1,0
140,140,0,0,70,1,0,1,00,00,1,1,1,1
141,141,0,0,70,1,0,1,00,00,1,1,1,0
142,142,0,0,0,1,0,1,00,00,1,1,1,1
143,143,0,0,0,1,0,1,00,00,1,1,1,0
144,144,0,0,1,1,0,1,00,00,1,1,1,1
145,145,0,0,1,1,0,1,00,00,1,1,1,0
146,146,0,0,2,1,0,1,00,00,1,1,1,1
147,147,0,0,2,1,0,1,00,00,1,1,1,0
148,148,0,0,3,1,0,1,00,00,1,0,1,1
149,149,0,0,3,1,0,1,00,00,1,0,1,0
150,150,0,0,4,1,0,1,00,00,1,0,1,1
151,151,0,0,4,1,0,1,00,00,1,0,1,0
152,152,0,1,5,1,0,1,00,00,1,0,1,1
153,153,0,1,5,1,0,1,00,00,1,0,1,0
154,154,0,1,6,1,0,1,00,00,1,0,1,1
155,155,0,1,6,1,0,1,00,00,1,0,1,0
156,156,0,0,7,1,0,1,00,00,1,0,1,1
157,157,0,0,7,1,0,1,00,00,1,0,1,0
158,158,0,0,8,1,0,1,00,00,1,0,1,1
159,159,0,0,8,1,0,1,00,00,1,0,1,0
160,160,0,1,9,1,0,1,00,00,1,0,1,1
161,161,0,1,9,1,0,1,00,00,1,0,1,0
162,162,0,1,10,1,0,1,00,00,1,0,1,1
163,163,0,1,10,1,0,1,00,00,1,0,1,0
164,164,0,0,11,1,0,1,00,00,1,0,1,1
165,165,0,0,11,1,0,1,00,00,1,0,1,0
166,166,0,0,12,1,0,1,00,00,1,0,1,1
167,167,0,0,12,1,0,1,00,00,1,0,1,0
168,168,0,1,13,1,0,1,00,00,1,0,1,1
169,169,0,1,13,1,0,1,00,00,1,0,1,0
170,170,0,1,14,1,0,1,00,00,1,0,1,1
171,171,0,1,14,1,0,1,00,00,1,0,1,0
172,172,0,0,15,1,1,1,00,00,1,0,1,1
173,173,0,0,15,1,1,1,00,00,1,0,1,0
174,174,0,0,16,1,1,1,00,00,1,0,1,1
175,175,0,0,16,1,1,1,00,00,1,0,1,0
176,176,0,1,17,1,1,1,00,00,1,0,1,1
177,177,0,1,17,1,1,1,00,00,1,0,1,0
178,178,0,1,18,1,1,1,00,00,1,0,1,1
179,179,0,1,18,1,1,1,00,00,1,0,1,0
180,180,0,0,19,1,0,1,00,00,1,0,1,1
181,181,0,0,19,1,0,1,00,00,1,0,1,0
182,182,0,0,20,1,0,1,00,00,1,0,1,1
183,183,0,0,20,1,0,1,00,00,1,0,1,0
184,184,0,1,21,1,0,1,00,00,1,0,1,1
185,185,0,1,21,1,0,1,00,00,1,0,1,0
186,186,0,1,22,1,0,1,00,00,1,0,1,1
187,187,0,1,22,1,0,1,00,00,1,0,1,0
188,188,0,0,23,1,0,1,00,00,1,0,1,1
189,189,0,0,23,1,0,1,00,00,1,0,1,0
190,190,0,0,24,1,0,1,00,00,1,0,1,1
191,191,0,0,24,1,0,1,00,00,1,0,1,0
192,192,0,1,25,1,0,1,00,00,1,0,1,1
193,193,0,1,25,1,0,1,00,00,1,0,1,0
194,194,0,1,26,1,0,1,00,00,1,0,1,1
195,195,0,1,26,1,0,1,00,00,1,0,1,0
196,196,0,0,27,1,1,1,00,00,1,0,1,1
197,197,0,0,27,1,1,1,00,00,1,0,1,0
198,198,0,0,28,1,1,1,00,00,1,0,1,1
199,199,0,0,28,1,1,1,00,00,1,0,1,0
200,200,0,1,29,1,1,1,00,00,1,0,1,1
201,201,0,1,29,1,1,1,00,00,1,0,1,0
202,202,0,1,30,1,1,1,00,00,1,0,1,1
203,203,0,1,30,1,1,1,00,00,1,0,1,0
204,204,0,0,31,1,0,1,00,00,1,0,1,1
205,205,0,0,31,1,0,1,00,00,1,0,1,0
206,206,0,0,32,1,0,1,00,00,1,0,1,1
207,207,0,0,32,1,0,1,00,00,1,0,1,0
208,208,0,1,33,1,0,1,00,00,1,0,1,1
209,209,0,1,33,1,0,1,00,00,1,0,1,0
210,210,0,1,34,1,0,1,00,00,1,0,1,1
211,211,0,1,34,1,0,1,00,00,1,0,1,0
212,212,0,0,35,1,0,1,00,00,1,0,1,1
213,213,0,0,35,1,0,1,00,00,1,0,1,0
214,214,0,0,36,1,0,1,00,00,1,0,1,1
215,215,0,0,36,1,0,1,00,00,1,0,1,0
216,216,0,1,37,1,0,1,00,00,1,0,1,1
217,217,0,1,37,1,0,1,00,00,1,0,1,0
218,218,0,1,38,1,0,1,00,00,1,0,1,1
219,219,0,1,38,1,0,1,00,00,1,0,1,0
220,220,0,0,39,1,0,1,00,00,1,0,1,1
221,221,0,0,39,1,0,1,00,00,1,0,1,0
222,222,0,0,40,1,0,1,00,00,1,0,1,1
223,223,0,0,40,1,0,1,00,00,1,0,1,0
224,224,0,1,41,1,0,1,00,00,1,0,1,1
225,225,0,1,41,1,0,1,00,00,1,0,1,0
226,226,0,1,42,1,0,1,00,00,1,0,1,1
227,227,0,1,42,1,0,1,00,00,1,0,1,0
228,228,0,0,43,1,0,1,00,00,1,0,1,1
229,229,0,0,43,1,0,1,00,00,1,0,1,0
230,230,0,0,44,1,0,1,00,00,1,0,1,1
231,231,0,0,44,1,0,1,00,00,1,0,1,0
232,232,0,1,45,1,0,1,00,00,1,0,1,1
233,233,0,1,45,1,0,1,00,00,1,0,1,0
234,234,0,1,46,1,0,1,00,00,1,0,1,1
235,235,0,1,46,1,0,1,00,00,1,0,1,0
236,236,0,0,47,1,0,1,00,00,1,0,1,1
237,237,0,0,47,1,0,1,00,00,1,0,1,0
238,238,0,0,48,1,0,1,00,00,1,0,1,1
239,239,0,0,48,1,0,1,00,00,1,0,1,0
240,240,0,1,49,1,0,1,00,00,1,0,1,1
241,241,0,1,49,1,0,1,00,00,1,0,1,0
242,242,0,1,50,1,0,1,00,00,1,0,1,1
243,243,0,1,50,1,0,1,00,00,1,0,1,0
244,244,0,0,51,1,0,1,00,00,1,0,1,1
245,245,0,0,51,1,0,1,00,00,1,0,1,0
246,246,0,0,52,1,0,1,00,00,1,0,1,1
247,247,0,0,52,1,0,1,00,00,1,0,1,0
248,248,0,1,53,1,0,1,00,00,1,0,1,1
249,249,0,1,53,1,0,1,00,00,1,0,1,0
250,250,0,1,54,1,0,1,00,00,1,0,1,1
251,251,0,1,54,1,0,1,00,00,1,0,1,0
252,252,0,0,55,1,0,1,00,00,1,0,1,1
253,253,0,0,55,1,0,1,00,00,1,0,1,0
254,254,0,0,56,1,0,1,00,00,1,0,1,1
255,255,0,0,56,1,0,1,00,00,1,0,1,0
256,256,0,1,57,1,0,1,00,00,1,0,1,1
257,257,0,1,57,1,0,1,00,00,1,0,1,0
258,258,0,1,58,1,0,1,00,00,1,0,1,1
259,259,0,1,58,1,0,1,00,00,1,0,1,0
260,260,0,0,59,1,0,1,00,00,1,0,1,1
261,261,0,0,59,1,0,1,00,00,1,0,1,0
262,262,0,0,60,1,0,1,00,00,1,0,1,1
263,263,0,0,60,1,0,1,00,00,1,0,1,0
264,264,0,1,61,1,0,1,00,00,1,0,1,1
265,265,0,1,61,1,0,1,00,00,1,0,1,0
266,266,0,1,62,1,0,1,00,00,1,0,1,1
267,267,0,1,62,1,0,1,00,00,1,0,1,0
268,268,0,0,63,1,0,1,00,00,1,0,1,1
269,269,0,0,63,1,0,1,00,00,1,0,1,0
270,270,0,0,64,1,0,1,00,00,1,0,1,1
271,271,0,0,64,1,0,1,00,00,1,0,1,0
272,272,0,1,65,1,0,1,00,00,1,0,1,1
273,273,0,1,65,1,0,1,00,00,1,0,1,0
274,274,0,1,66,1,0,1,00,00,1,0,1,1
275,275,0,1,66,1,0,1,00,00,1,0,1,0
276,276,0,0,67,1,0,1,00,00,1,0,1,1
277,277,0,0,67,1,0,1,00,00,1,0,1,0
278,278,0,0,68,1,0,1,00,00,1,0,1,1
279,279,0,0,68,1,0,1,00,00,1,0,1,0
280,280,0,0,69,1,0,1,00,00,1,1,1,1
281,281,0,0,69,1,0,1,00,00,1,1,1,0
282,282,0,0,70,1,0,1,00,00,1,1,1,1
283,283,0,0,70,1,0,1,00,00,1,1,1,0
284,284,0,0,0,1,0,1,00,00,1,1,1,1
285,285,0,0,0,1,0,1,00,00,1,1,1,0
286,286,0,0,1,1,0,1,00,00,1,1,1,1
287,287,0,0,1,1,0,1,00,00,1,1,1,0
288,288,0,0,2,1,0,1,00,00,1,1,1,1
289,289,0,0,2,1,0,1,00,00,1,1,1,0
290,290,0,0,3,1,0,1,00,00,1,0,1,1
291,291,0,0,3,1,0,1,00,00,1,0,1,0
292,292,0,0,4,1,0,1,00,00,1,0,1,1
293,293,0,0,4,1,0,1,00,00,1,0,1,0
294,294,0,1,5,1,0,1,00,00,1,0,1,1
295,295,0,1,5,1,0,1,00,00,1,0,1,0
296,296,0,1,6,1,0,1,00,00,1,0,1,1
297,297,0,1,6,1,0,1,00,00,1,0,1,0
298,298,0,0,7,1,0,1,00,00,1,0,1,1
299,299,0,0,7,1,0,1,00,00,1,0,1,0
300,300,0,0,8,1,0,1,00,00,1,0,1,1
301,301,0,0,8,1,0,1,00,00,1,0,1,0
302,302,0,1,9,1,0,1,00,00,1,0,1,1
303,303,0,1,9,1,0,1,00,00,1,0,1,0
304,304,0,1,10,1,0,1,00,00,1,0,1,1
305,305,0,1,10,1,0,1,00,00,1,0,1,0
306,306,0,0,11,1,0,1,00,00,1,0,1,1
307,307,0,0,11,1,0,1,00,00,1,0,1,0
308,308,0,0,12,1,0,1,00,00,1,0,1,1
309,309,0,0,12,1,0,1,00,00,1,0,1,0
310,310,0,1,13,1,0,1,00,00,1,0,1,1
311,311,0,1,13,1,0,1,00,00,1,0,1,0
312,312,0,1,14,1,0,1,00,00,1,0,1,1
313,313,0,1,14,1,0,1,00,00,1,0,1,0
314,314,0,0,15,1,1,1,00,00,1,0,1,1
315,315,0,0,15,1,1,1,00,00,1,0,1,0
316,316,0,0,16,1,1,1,00,00,1,0,1,1
317,317,0,0,16,1,1,1,00,00,1,0,1,0
318,318,0,1,17,1,1,1,00,00,1,0,1,1
319,319,0,1,17,1,1,1,00,00,1,0,1,0
320,320,0,1,18,1,1,1,00,00,1,0,1,1
321,321,0,1,18,1,1,1,00,00,1,0,1,0
322,322,0,0,19,1,0,1,00,00,1,0,1,1
323,323,0,0,19,1,0,1,00,00,1,0,1,0
324,324,0,0,20,1,0,1,00,00,1,0,1,1
325,325,0,0,20,1,0,1,00,00,1,0,1,0
326,326,0,1,21,1,0,1,00,00,1,0,1,1
327,327,0,1,21,1,0,1,00,00,1,0,1,0
328,328,0,1,22,1,0,1,00,00,1,0,1,1
329,329,0,1,22,1,0,1,00,00,1,0,1,0
330,330,0,0,23,1,0,1,00,00,1,0,1,1
331,331,0,0,23,1,0,1,00,00,1,0,1,0
332,332,0,0,24,1,0,1,00,00,1,0,1,1
333,333,0,0,24,1,0,1,00,00,1,0,1,0
334,334,0,1,25,1,0,1,00,00,1,0,1,1
335,335,0,1,25,1,0,1,00,00,1,0,1,0
336,336,0,1,26,1,0,1,00,00,1,0,1,1
337,337,0,1,26,1,0,1,00,00,1,0,1,0
338,338,0,0,27,1,1,1,00,00,1,0,1,1
339,339,0,0,27,1,1,1,00,00,1,0,1,0
340,340,0,0,28,1,1,1,00,00,1,0,1,1
341,341,0,0,28,1,1,1,00,00,1,0,1,0
342,342,0,1,29,1,1,1,00,00,1,0,1,1
343,343,0,1,29,1,1,1,00,00,1,0,1,0
344,344,0,1,30,1,1,1,00,00,1,0,1,1
345,345,0,1,30,1,1,1,00,00,1,0,1,0
346,346,0,0,31,1,0,1,00,00,1,0,1,1
347,347,0,0,31,1,0,1,00,00,1,0,1,0
348,348,0,0,32,1,0,1,00,00,1,0,1,1
349,349,0,0,32,1,0,1,00,00,1,0,1,0
350,350,0,1,33,1,0,1,00,00,1,0,1,1
351,351,0,1,33,1,0,1,00,00,1,0,1,0
352,352,0,1,34,1,0,1,00,00,1,0,1,1
353,353,0,1,34,1,0,1,00,00,1,0,1,0
354,354,0,0,35,1,0,1,00,00,1,0,1,1
355,355,0,0,35,1,0,1,00,00,1,0,1,0
356,356,0,0,36,1,0,1,00,00,1,0,1,1
357,357,0,0,36,1,0,1,00,00,1,0,1,0
358,358,0,1,37,1,0,1,00,00,1,0,1,1
359,359,0,1,37,1,0,1,00,00,1,0,1,0
360,360,0,1,38,1,0,1,00,00,1,0,1,1
361,361,0,1,38,1,0,1,00,00,1,0,1,0
362,362,0,0,39,1,0,1,00,00,1,0,1,1
363,363,0,0,39,1,0,1,00,00,1,0,1,0
364,364,0,0,40,1,0,1,00,00,1,0,1,1
365,365,0,0,40,1,0,1,00,00,1,0,1,0
366,366,0,1,41,1,0,1,00,00,1,0,1,1
367,367,0,1,41,1,0,1,00,00,1,0,1,0
368,368,0,1,42,1,0,1,00,00,1,0,1,1
369,369,0,1,42,1,0,1,00,00,1,0,1,0
370,370,0,0,43,1,0,1,00,00,1,0,1,1
371,371,0,0,43,1,0,1,00,00,1,0,1,0
372,372,0,0,44,1,0,1,00,00,1,0,1,1
373,373,0,0,44,1,0,1,00,00,1,0,1,0
374,374,0,1,45,1,0,1,00,00,1,0,1,1
375,375,0,1,45,1,0,1,00,00,1,0,1,0
376,376,0,1,46,1,0,1,00,00,1,0,1,1
377,377,0,1,46,1,0,1,00,00,1,0,1,0
378,378,0,0,47,1,0,1,00,00,1,0,1,1
379,379,0,0,47,1,0,1,00,00,1,0,1,0
380,380,0,0,48,1,0,1,00,00,1,0,1,1
381,381,0,0,48,1,0,1,00,00,1,0,1,0
382,382,0,1,49,1,0,1,00,00,1,0,1,1
383,383,0,1,49,1,0,1,00,00,1,0,1,0
384,384,0,1,50,1,0,1,00,00,1,0,1,1
385,385,0,1,50,1,0,1,00,00,1,0,1,0
386,386,0,0,51,1,0,1,00,00,1,0,1,1
387,387,0,0,51,1,0,1,00,00,1,0,1,0
388,388,0,0,52,1,0,1,00,00,1,0,1,1
389,389,0,0,52,1,0,1,00,00,1,0,1,0
390,390,0,1,53,1,0,1,00,00,1,0,1,1
391,391,0,1,53,1,0,1,00,00,1,0,1,0
392,392,0,1,54,1,0,1,00,00,1,0,1,1
393,393,0,1,54,1,0,1,00,00,1,0,1,0
394,394,0,0,55,1,0,1,00,00,1,0,1,1
395,395,0,0,55,1,0,1,00,00,1,0,1,0
396,396,0,0,56,1,0,1,00,00,1,0,1,1
397,397,0,0,56,1,0,1,00,00,1,0,1,0
398,398,0,1,57,1,0,1,00,00,1,0,1,1
399,399,0,1,57,1,0,1,00,00,1,0,1,0
400,400,0,1,58,1,0,1,00,00,1,0,1,1
401,401,0,1,58,1,0,1,00,00,1,0,1,0
402,402,0,0,59,1,0,1,00,00,1,0,1,1
403,403,0,0,59,1,0,1,00,00,1,0,1,0
404,404,0,0,60,1,0,1,00,00,1,0,1,1
405,405,0,0,60,1,0,1,00,00,1,0,1,0
406,406,0,1,61,1,0,1,00,00,1,0,1,1
407,407,0,1,61,1,0,1,00,00,1,0,1,0
408,408,0,1,62,1,0,1,00,00,1,0,1,1
409,409,0,1,62,1,0,1,00,00,1,0,1,0
410,410,0,0,63,1,0,1,00,00,1,0,1,1
411,411,0,0,63,1,0,1,00,00,1,0,1,0
412,412,0,0,64,1,0,1,00,00,1,0,1,1
413,413,0,0,64,1,0,1,00,00,1,0,1,0
414,414,0,1,65,1,0,1,00,00,1,0,1,1
415,415,0,1,65,1,0,1,00,00,1,0,1,0
416,416,0,1,66,1,0,1,00,00,1,0,1,1
417,417,0,1,66,1,0,1,00,00,1,0,1,0
418,418,0,0,67,1,0,1,00,00,1,0,1,1
419,419,0,0,67,1,0,1,00,00,1,0,1,0
420,420,0,0,68,1,0,1,00,00,1,0,1,1
421,421,0,0,68,1,0,1,00,00,1,0,1,0
422,422,0,0,69,1,0,1,00,00,1,1,1,1
423,423,0,0,69,1,0,1,00,00,1,1,1,0
424,424,0,0,70,1,0,1,00,00,1,1,1,1
425,425,0,0,70,1,0,1,00,00,1,1,1,0
426,426,0,0,0,1,0,1,00,00,1,1,1,1
427,427,0,0,0,1,0,1,00,00,1,1,1,0
428,428,0,0,1,1,0,1,00,00,1,1,1,1
429,429,0,0,1,1,0,1,00,00,1,1,1,0
430,430,0,0,2,1,0,1,00,00,1,1,1,1
431,431,0,0,2,1,0,1,00,00,1,1,1,0
432,432,0,0,3,1,0,1,00,00,1,0,1,1
433,433,0,0,3,1,0,1,00,00,1,0,1,0
434,434,0,0,4,1,0,1,00,00,1,0,1,1
435,435,0,0,4,1,0,1,00,00,1,0,1,0
436,436,0,1,5,1,0,1,00,00,1,0,1,1
437,437,0,1,5,1,0,1,00,00,1,0,1,0
438,438,0,1,6,1,0,1,00,00,1,0,1,1
439,439,0,1,6,1,0,1,00,00,1,0,1,0
440,440,0,0,7,1,0,1,00,00,1,0,1,1
441,441,0,0,7,1,0,1,00,00,1,0,1,0
442,442,0,0,8,1,0,1,00,00,1,0,1,1
443,443,0,0,8,1,0,1,00,00,1,0,1,0
444,444,0,1,9,1,0,1,00,00,1,0,1,1
445,445,0,1,9,1,0,1,00,00,1,0,1,0
446,446,0,1,10,1,0,1,00,00,1,0,1,1
447,447,0,1,10,1,0,1,00,00,1,0,1,0
448,448,0,0,11,1,0,1,00,00,1,0,1,1
449,449,0,0,11,1,0,1,00,00,1,0,1,0
450,450,0,0,12,1,0,1,00,00,1,0,1,1
451,451,0,0,12,1,0,1,00,00,1,0,1,0
452,452,0,1,13,1,0,1,00,00,1,0,1,1
453,453,0,1,13,1,0,1,00,00,1,0,1,0
454,454,0,1,14,1,0,1,00,00,1,0,1,1
455,455,0,1,14,1,0,1,00,00,1,0,1,0
456,456,0,0,15,1,1,1,00,00,1,0,1,1
457,457,0,0,15,1,1,1,00,00,1,0,1,0
458,458,0,0,16,1,1,1,00,00,1,0,1,1
459,459,0,0,16,1,1,1,00,00,1,0,1,0
460,460,0,1,17,1,1,1,00,00,1,0,1,1
461,461,0,1,17,1,1,1,00,00,1,0,1,0
462,462,0,1,18,1,1,1,00,00,1,0,1,1
463,463,0,1,18,1,1,1,00,00,1,0,1,0
464,464,0,0,19,1,0,1,00,00,1,0,1,1
465,465,0,0,19,1,0,1,00,00,1,0,1,0
466,466,0,0,20,1,0,1,00,00,1,0,1,1
467,467,0,0,20,1,0,1,00,00,1,0,1,0
468,468,0,1,21,1,0,1,00,00,1,0,1,1
469,469,0,1,21,1,0,1,00,00,1,0,1,0
470,470,0,1,22,1,0,1,00,00,1,0,1,1
471,471,0,1,22,1,0,1,00,00,1,0,1,0
472,472,0,0,23,1,0,1,00,00,1,0,1,1
473,473,0,0,23,1,0,1,00,00,1,0,1,0
474,474,0,0,24,1,0,1,00,00,1,0,1,1
475,475,0,0,24,1,0,1,00,00,1,0,1,0
476,476,0,1,25,1,0,1,00,00,1,0,1,1
477,477,0,1,25,1,0,1,00,00,1,0,1,0
478,478,0,1,26,1,0,1,00,00,1,0,1,1
479,479,0,1,26,1,0,1,00,00,1,0,1,0
480,480,0,0,27,1,1,1,00,00,1,0,1,1
481,481,0,0,27,1,1,1,00,00,1,0,1,0
482,482,0,0,28,1,1,1,00,00,1,0,1,1
483,483,0,0,28,1,1,1,00,00,1,0,1,0
484,484,0,1,29,1,1,1,00,00,1,0,1,1
485,485,0,1,29,1,1,1,00,00,1,0,1,0
486,486,0,1,30,1,1,1,00,00,1,0,1,1
487,487,0,1,30,1,1,1,00,00,1,0,1,0
488,488,0,0,31,1,0,1,00,00,1,0,1,1
489,489,0,0,31,1,0,1,00,00,1,0,1,0
490,490,0,0,32,1,0,1,00,00,1,0,1,1
491,491,0,0,32,1,0,1,00,00,1,0,1,0
492,492,0,1,33,1,0,1,00,00,1,0,1,1
493,493,0,1,33,1,0,1,00,00,1,0,1,0
494,494,0,1,34,1,0,1,00,00,1,0,1,1
495,495,0,1,34,1,0,1,00,00,1,0,1,0
496,496,0,0,35,1,0,1,00,00,1,0,1,1
497,497,0,0,35,1,0,1,00,00,1,0,1,0
498,498,0,0,36,1,0,1,00,00,1,0,1,1
499,499,0,0,36,1,0,1,00,00,1,0,1,0
500,500,0,1,37,1,0,1,00,00,1,0,1,1
501,501,0,1,37,1,0,1,00,00,1,0,1,0
502,502,0,1,38,1,0,1,00,00,1,0,1,1
503,503,0,1,38,1,0,1,00,00,1,0,1,0
504,504,0,0,39,1,0,1,00,00,1,0,1,1
505,505,0,0,39,1,0,1,00,00,1,0,1,0
506,506,0,0,40,1,0,1,00,00,1,0,1,1
507,507,0,0,40,1,0,1,00,00,1,0,1,0
508,508,0,1,41,1,0,1,00,00,1,0,1,1
509,509,0,1,41,1,0,1,00,00,1,0,1,0
510,510,0,1,42,1,0,1,00,00,1,0,1,1
511,511,0,1,42,1,0,1,00,00,1,0,1,0
512,512,0,0,43,1,0,1,00,00,1,0,1,1
513,513,0,0,43,1,0,1,00,00,1,0,1,0
514,514,0,0,44,1,0,1,00,00,1,0,1,1
515,515,0,0,44,1,0,1,00,00,1,0,1,0
516,516,0,1,45,1,0,1,00,00,1,0,1,1
517,517,0,1,45,1,0,1,00,00,1,0,1,0
518,518,0,1,46,1,0,1,00,00,1,0,1,1
519,519,0,1,46,1,0,1,00,00,1,0,1,0
520,520,0,0,47,1,0,1,00,00,1,0,1,1
521,521,0,0,47,1,0,1,00,00,1,0,1,0
522,522,0,0,48,1,0,1,00,00,1,0,1,1
523,523,0,0,48,1,0,1,00,00,1,0,1,0
524,524,0,1,49,1,0,1,00,00,1,0,1,1
525,525,0,1,49,1,0,1,00,00,1,0,1,0
526,526,0,1,50,1,0,1,00,00,1,0,1,1
527,527,0,1,50,1,0,1,00,00,1,0,1,0
528,528,0,0,51,1,0,1,00,00,1,0,1,1
529,529,0,0,51,1,0,1,00,00,1,0,1,0
530,530,0,0,52,1,0,1,00,00,1,0,1,1
531,531,0,0,52,1,0,1,00,00,1,0,1,0
532,532,0,1,53,1,0,1,00,00,1,0,1,1
533,533,0,1,53,1,0,1,00,00,1,0,1,0
534,534,0,1,54,1,0,1,00,00,1,0,1,1
535,535,0,1,54,1,0,1,00,00,1,0,1,0
536,536,0,0,55,1,0,1,00,00,1,0,1,1
537,537,0,0,55,1,0,1,00,00,1,0,1,0
538,538,0,0,56,1,0,1,00,00,1,0,1,1
539,539,0,0,56,1,0,1,00,00,1,0,1,0
540,540,0,1,57,1,0,1,00,00,1,0,1,1
541,541,0,1,57,1,0,1,00,00,1,0,1,0
542,542,0,1,58,1,0,1,00,00,1,0,1,1
543,543,0,1,58,1,0,1,00,00,1,0,1,0
544,544,0,0,59,1,0,1,00,00,1,0,1,1
545,545,0,0,59,1,0,1,00,00,1,0,1,0
546,546,0,0,60,1,0,1,00,00,1,0,1,1
547,547,0,0,60,1,0,1,00,00,1,0,1,0
548,548,0,1,61,1,0,1,00,00,1,0,1,1
549,549,0,1,61,1,0,1,00,00,1,0,1,0
550,550,0,1,62,1,0,1,00,00,1,0,1,1
551,551,0,1,62,1,0,1,00,00,1,0,1,0
552,552,0,0,63,1,0,1,00,00,1,0,1,1
553,553,0,0,63,1,0,1,00,00,1,0,1,0
554,554,0,0,64,1,0,1,00,00,1,0,1,1
555,555,0,0,64,1,0,1,00,00,1,0,1,0
556,556,0,1,65,1,0,1,00,00,1,0,1,1
557,557,0,1,65,1,0,1,00,00,1,0,1,0
558,558,0,1,66,1,0,1,00,00,1,0,1,1
559,559,0,1,66,1,0,1,00,00,1,0,1,0
560,560,0,0,67,1,0,1,00,00,1,0,1,1
561,561,0,0,67,1,0,1,00,00,1,0,1,0
562,562,0,0,68,1,0,1,00,00,1,0,1,1
563,563,0,0,68,1,0,1,00,00,1,0,1,0
564,564,0,0,69,1,0,1,00,00,1,1,1,1
565,565,0,0,69,1,0,1,00,00,1,1,1,0
566,566,0,0,70,1,0,1,00,00,1,1,1,1
567,567,0,0,70,1,0,1,00,00,1,1,1,0
568,568,0,0,0,1,0,1,00,00,1,1,1,1
569,569,0,0,0,1,0,1,00,00,1,1,1,0
570,570,0,0,1,1,0,1,00,00,1,1,1,1
571,571,0,0,1,1,0,1,00,00,1,1,1,0
572,572,0,0,2,1,0,1,00,00,1,1,1,1
573,573,0,0,2,1,0,1,00,00,1,1,1,0
574,574,0,0,3,1,0,1,00,00,1,0,1,1
575,575,0,0,3,1,0,1,00,00,1,0,1,0
576,576,0,0,4,1,0,1,00,00,1,0,1,1
577,577,0,0,4,1,0,1,00,00,1,0,1,0
578,578,0,1,5,1,0,1,00,00,1,0,1,1
579,579,0,1,5,1,0,1,00,00,1,0,1,0
580,580,0,1,6,1,0,1,00,00,1,0,1,1
581,581,0,1,6,1,0,1,00,00,1,0,1,0
582,582,0,0,7,1,0,1,00,00,1,0,1,1
583,583,0,0,7,1,0,1,00,00,1,0,1,0
584,584,0,0,8,1,0,1,00,00,1,0,1,1
585,585,0,0,8,1,0,1,00,00,1,0,1,0
586,586,0,1,9,1,0,1,00,00,1,0,1,1
587,587,0,1,9,1,0,1,00,00,1,0,1,0
588,588,0,1,10,1,0,1,00,00,1,0,1,1
589,589,0,1,10,1,0,1,00,00,1,0,1,0
590,590,0,0,11,1,0,1,00,00,1,0,1,1
591,591,0,0,11,1,0,1,00,00,1,0,1,0
592,592,0,0,12,1,0,1,00,00,1,0,1,1
593,593,0,0,12,1,0,1,00,00,1,0,1,0
594,594,0,1,13,1,0,1,00,00,1,0,1,1
595,595,0,1,13,1,0,1,00,00,1,0,1,0
596,596,0,1,14,1,0,1,00,00,1,0,1,1
597,597,0,1,14,1,0,1,00,00,1,0,1,0
598,598,0,0,15,1,1,1,00,00,1,0,1,1
599,599,0,0,15,1,1,1,00,00,1,0,1,0
600,600,0,0,16,1,1,1,00,00,1,0,1,1
601,601,0,0,16,1,1,1,00,00,1,0,1,0
602,602,0,1,17,1,1,1,00,00,1,0,1,1
603,603,0,1,17,1,1,1,00,00,1,0,1,0
604,604,0,1,18,1,1,1,00,00,1,0,1,1
605,605,0,1,18,1,1,1,00,00,1,0,1,0
606,606,0,0,19,1,0,1,00,00,1,0,1,1
607,607,0,0,19,1,0,1,00,00,1,0,1,0
608,608,0,0,20,1,0,1,00,00,1,0,1,1
609,609,0,0,20,1,0,1,00,00,1,0,1,0
610,610,0,1,21,1,0,1,00,00,1,0,1,1
611,611,0,1,21,1,0,1,00,00,1,0,1,0
612,612,0,1,22,1,0,1,00,00,1,0,1,1
613,613,0,1,22,1,0,1,00,00,1,0,1,0
614,614,0,0,23,1,0,1,00,00,1,0,1,1
615,615,0,0,23,1,0,1,00,00,1,0,1,0
616,616,0,0,24,1,0,1,00,00,1,0,1,1
617,617,0,0,24,1,0,1,00,00,1,0,1,0
618,618,0,1,25,1,0,1,00,00,1,0,1,1
619,619,0,1,25,1,0,1,00,00,1,0,1,0
620,620,0,1,26,1,0,1,00,00,1,0,1,1
621,621,0,1,26,1,0,1,00,00,1,0,1,0
622,622,0,0,27,1,1,1,00,00,1,0,1,1
623,623,0,0,27,1,1,1,00,00,1,0,1,0
624,624,0,0,28,1,1,1,00,00,1,0,1,1
625,625,0,0,28,1,1,1,00,00,1,0,1,0
626,626,0,1,29,1,1,1,00,00,1,0,1,1
627,627,0,1,29,1,1,1,00,00,1,0,1,0
628,628,0,1,30,1,1,1,00,00,1,0,1,1
629,629,0,1,30,1,1,1,00,00,1,0,1,0
630,630,0,0,31,1,0,1,00,00,1,0,1,1
631,631,0,0,31,1,0,1,00,00,1,0,1,0
632,632,0,0,32,1,0,1,00,00,1,0,1,1
633,633,0,0,32,1,0,1,00,00,1,0,1,0
634,634,0,1,33,1,0,1,00,00,1,0,1,1
635,635,0,1,33,1,0,1,00,00,1,0,1,0
636,636,0,1,34,1,0,1,00,00,1,0,1,1
637,637,0,1,34,1,0,1,00,00,1,0,1,0
638,638,0,0,35,1,0,1,00,00,1,0,1,1
639,639,0,0,35,1,0,1,00,00,1,0,1,0
640,640,0,0,36,1,0,1,00,00,1,0,1,1
641,641,0,0,36,1,0,1,00,00,1,0,1,0
642,642,0,1,37,1,0,1,00,00,1,0,1,1
643,643,0,1,37,1,0,1,00,00,1,0,1,0
644,644,0,1,38,1,0,1,00,00,1,0,1,1
645,645,0,1,38,1,0,1,00,00,1,0,1,0
646,646,0,0,39,1,0,1,00,00,1,0,1,1
647,647,0,0,39,1,0,1,00,00,1,0,1,0
648,648,0,0,40,1,0,1,00,00,1,0,1,1
649,649,0,0,40,1,0,1,00,00,1,0,1,0
650,650,0,1,41,1,0,1,00,00,1,0,1,1
651,651,0,1,41,1,0,1,00,00,1,0,1,0
652,652,0,1,42,1,0,1,00,00,1,0,1,1
653,653,0,1,42,1,0,1,00,00,1,0,1,0
654,654,0,0,43,1,0,1,00,00,1,0,1,1
655,655,0,0,43,1,0,1,00,00,1,0,1,0
656,656,0,0,44,1,0,1,00,00,1,0,1,1
657,657,0,0,44,1,0,1,00,00,1,0,1,0
658,658,0,1,45,1,0,1,00,00,1,0,1,1
659,659,0,1,45,1,0,1,00,00,1,0,1,0
660,660,0,1,46,1,0,1,00,00,1,0,1,1
661,661,0,1,46,1,0,1,00,00,1,0,1,0
662,662,0,0,47,1,0,1,00,00,1,0,1,1
663,663,0,0,47,1,0,1,00,00,1,0,1,0
664,664,0,0,48,1,0,1,00,00,1,0,1,1
665,665,0,0,48,1,0,1,00,00,1,0,1,0
666,666,0,1,49,1,0,1,00,00,1,0,1,1
667,667,0,1,49,1,0,1,00,00,1,0,1,0
668,668,0,1,50,1,0,1,00,00,1,0,1,1
669,669,0,1,50,1,0,1,00,00,1,0,1,0
670,670,0,0,51,1,0,1,00,00,1,0,1,1
671,671,0,0,51,1,0,1,00,00,1,0,1,0
672,672,0,0,52,1,0,1,00,00,1,0,1,1
673,673,0,0,52,1,0,1,00,00,1,0,1,0
674,674,0,1,53,1,0,1,00,00,1,0,1,1
675,675,0,1,53,1,0,1,00,00,1,0,1,0
676,676,0,1,54,1,0,1,00,00,1,0,1,1
677,677,0,1,54,1,0,1,00,00,1,0,1,0
678,678,0,0,55,1,0,1,00,00,1,0,1,1
679,679,0,0,55,1,0,1,00,00,1,0,1,0
680,680,0,0,56,1,0,1,00,00,1,0,1,1
681,681,0,0,56,1,0,1,00,00,1,0,1,0
682,682,0,1,57,1,0,1,00,00,1,0,1,1
683,683,0,1,57,1,0,1,00,00,1,0,1,0
684,684,0,1,58,1,0,1,00,00,1,0,1,1
685,685,0,1,58,1,0,1,00,00,1,0,1,0
686,686,0,0,59,1,0,1,00,00,1,0,1,1
687,687,0,0,59,1,0,1,00,00,1,0,1,0
688,688,0,0,60,1,0,1,00,00,1,0,1,1
689,689,0,0,60,1,0,1,00,00,1,0,1,0
690,690,0,1,61,1,0,1,00,00,1,0,1,1
691,691,0,1,61,1,0,1,00,00,1,0,1,0
692,692,0,1,62,1,0,1,00,00,1,0,1,1
693,693,0,1,62,1,0,1,00,00,1,0,1,0
694,694,0,0,63,1,0,1,00,00,1,0,1,1
695,695,0,0,63,1,0,1,00,00,1,0,1,0
696,696,0,0,64,1,0,1,00,00,1,0,1,1
697,697,0,0,64,1,0,1,00,00,1,0,1,0
698,698,0,1,65,1,0,1,00,00,1,0,1,1
699,699,0,1,65,1,0,1,00,00,1,0,1,0
700,700,0,1,66,1,0,1,00,00,1,0,1,1
701,701,0,1,66,1,0,1,00,00,1,0,1,0
702,702,0,0,67,1,0,1,00,00,1,0,1,1
703,703,0,0,67,1,0,1,00,00,1,0,1,0
704,704,0,0,68,1,0,1,00,00,1,0,1,1
705,705,0,0,68,1,0,1,00,00,1,0,1,0
706,706,0,0,69,1,0,1,00,00,1,1,1,1
707,707,0,0,69,1,0,1,00,00,1,1,1,0
708,708,0,0,70,1,0,1,00,00,1,1,1,1
709,709,0,0,70,1,0,1,00,00,1,1,1,0
710,710,0,0,0,1,0,1,00,00,1,1,1,1
711,711,0,0,0,1,0,1,00,00,1,1,1,0
712,712,0,0,1,1,0,1,00,00,1,1,1,1
713,713,0,0,1,1,0,1,00,00,1,1,1,0
714,714,0,0,2,1,0,1,00,00,1,1,1,1
715,715,0,0,2,1,0,1,00,00,1,1,1,0
716,716,0,0,3,1,0,1,00,00,1,0,1,1
717,717,0,0,3,1,0,1,00,00,1,0,1,0
718,718,0,0,4,1,0,1,00,00,1,0,1,1
719,719,0,0,4,1,0,1,00,00,1,0,1,0
720,720,0,1,5,1,0,1,00,00,1,0,1,1
721,721,0,1,5,1,0,1,00,00,1,0,1,0
722,722,0,1,6,1,0,1,00,00,1,0,1,1
723,723,0,1,6,1,0,1,00,00,1,0,1,0
724,724,0,0,7,1,0,1,00,00,1,0,1,1
725,725,0,0,7,1,0,1,00,00,1,0,1,0
726,726,0,0,8,1,0,1,00,00,1,0,1,1
727,727,0,0,8,1,0,1,00,00,1,0,1,0
728,728,0,1,9,1,0,1,00,00,1,0,1,1
729,729,0,1,9,1,0,1,00,00,1,0,1,0
730,730,0,1,10,1,0,1,00,00,1,0,1,1
731,731,0,1,10,1,0,1,00,00,1,0,1,0
732,732,0,0,11,1,0,1,00,00,1,0,1,1
733,733,0,0,11,1,0,1,00,00,1,0,1,0
734,734,0,0,12,1,0,1,00,00,1,0,1,1
735,735,0,0,12,1,0,1,00,00,1,0,1,0
736,736,0,1,13,1,0,1,00,00,1,0,1,1
737,737,0,1,13,1,0,1,00,00,1,0,1,0
738,738,0,1,14,1,0,1,00,00,1,0,1,1
739,739,0,1,14,1,0,1,00,00,1,0,1,0
740,740,0,0,15,1,1,1,00,00,1,0,1,1
741,741,0,0,15,1,1,1,00,00,1,0,1,0
742,742,0,0,16,1,1,1,00,00,1,0,1,1
743,743,0,0,16,1,1,1,00,00,1,0,1,0
744,744,0,1,17,1,1,1,00,00,1,0,1,1
745,745,0,1,17,1,1,1,00,00,1,0,1,0
746,746,0,1,18,1,1,1,00,00,1,0,1,1
747,747,0,1,18,1,1,1,00,00,1,0,1,0
748,748,0,0,19,1,0,1,00,00,1,0,1,1
749,749,0,0,19,1,0,1,00,00,1,0,1,0
750,750,0,0,20,1,0,1,00,00,1,0,1,1
751,751,0,0,20,1,0,1,00,00,1,0,1,0
752,752,0,1,21,1,0,1,00,00,1,0,1,1
753,753,0,1,21,1,0,1,00,00,1,0,1,0
754,754,0,1,22,1,0,1,00,00,1,0,1,1
755,755,0,1,22,1,0,1,00,00,1,0,1,0
756,756,0,0,23,1,0,1,00,00,1,0,1,1
757,757,0,0,23,1,0,1,00,00,1,0,1,0
758,758,0,0,24,1,0,1,00,00,1,0,1,1
759,759,0,0,24,1,0,1,00,00,1,0,1,0
760,760,0,1,25,1,0,1,00,00,1,0,1,1
761,761,0,1,25,1,0,1,00,00,1,0,1,0
762,762,0,1,26,1,0,1,00,00,1,0,1,1
763,763,0,1,26,1,0,1,00,00,1,0,1,0
764,764,0,0,27,1,1,1,00,00,1,0,1,1
765,765,0,0,27,1,1,1,00,00,1,0,1,0
766,766,0,0,28,1,1,1,00,00,1,0,1,1
767,767,0,0,28,1,1,1,00,00,1,0,1,0
768,768,0,1,29,1,1,1,00,00,1,0,1,1
769,769,0,1,29,1,1,1,00,00,1,0,1,0
770,770,0,1,30,1,1,1,00,00,1,0,1,1
771,771,0,1,30,1,1,1,00,00,1,0,1,0
772,772,0,0,31,1,0,1,00,00,1,0,1,1
773,773,0,0,31,1,0,1,00,00,1,0,1,0
774,774,0,0,32,1,0,1,00,00,1,0,1,1
775,775,0,0,32,1,0,1,00,00,1,0,1,0
776,776,0,1,33,1,0,1,00,00,1,0,1,1
777,777,0,1,33,1,0,1,00,00,1,0,1,0
778,778,0,1,34,1,0,1,00,00,1,0,1,1
779,779,0,1,34,1,0,1,00,00,1,0,1,0
780,780,0,0,35,1,0,1,00,00,1,0,1,1
781,781,0,0,35,1,0,1,00,00,1,0,1,0
782,782,0,0,36,1,0,1,00,00,1,0,1,1
783,783,0,0,36,1,0,1,00,00,1,0,1,0
784,784,0,1,37,1,0,1,00,00,1,0,1,1
785,785,0,1,37,1,0,1,00,00,1,0,1,0
786,786,0,1,38,1,0,1,00,00,1,0,1,1
787,787,0,1,38,1,0,1,00,00,1,0,1,0
788,788,0,0,39,1,0,1,00,00,1,0,1,1
789,789,0,0,39,1,0,1,00,00,1,0,1,0
790,790,0,0,40,1,0,1,00,00,1,0,1,1
791,791,0,0,40,1,0,1,00,00,1,0,1,0
792,792,0,1,41,1,0,1,00,00,1,0,1,1
793,793,0,1,41,1,0,1,00,00,1,0,1,0
794,794,0,1,42,1,0,1,00,00,1,0,1,1
795,795,0,1,42,1,0,1,00,00,1,0,1,0
796,796,0,0,43,1,0,1,00,00,1,0,1,1
797,797,0,0,43,1,0,1,00,00,1,0,1,0
798,798,0,0,44,1,0,1,00,00,1,0,1,1
799,799,0,0,44,1,0,1,00,00,1,0,1,0
800,800,0,1,45,1,0,1,00,00,1,0,1,1
801,801,0,1,45,1,0,1,00,00,1,0,1,0
802,802,0,1,46,1,0,1,00,00,1,0,1,1
803,803,0,1,46,1,0,1,00,00,1,0,1,0
804,804,0,0,47,1,0,1,00,00,1,0,1,1
805,805,0,0,47,1,0,1,00,00,1,0,1,0
806,806,0,0,48,1,0,1,00,00,1,0,1,1
807,807,0,0,48,1,0,1,00,00,1,0,1,0
808,808,0,1,49,1,0,1,00,00,1,0,1,1
809,809,0,1,49,1,0,1,00,00,1,0,1,0
810,810,0,1,50,1,0,1,00,00,1,0,1,1
811,811,0,1,50,1,0,1,00,00,1,0,1,0
812,812,0,0,51,1,0,1,00,00,1,0,1,1
813,813,0,0,51,1,0,1,00,00,1,0,1,0
814,814,0,0,52,1,0,1,00,00,1,0,1,1
815,815,0,0,52,1,0,1,00,00,1,0,1,0
816,816,0,1,53,1,0,1,00,00,1,0,1,1
817,817,0,1,53,1,0,1,00,00,1,0,1,0
818,818,0,1,54,1,0,1,00,00,1,0,1,1
819,819,0,1,54,1,0,1,00,00,1,0,1,0
820,820,0,0,55,1,0,1,00,00,1,0,1,1
821,821,0,0,55,1,0,1,00,00,1,0,1,0
822,822,0,0,56,1,0,1,00,00,1,0,1,1
823,823,0,0,56,1,0,1,00,00,1,0,1,0
824,824,0,1,57,1,0,1,00,00,1,0,1,1
825,825,0,1,57,1,0,1,00,00,1,0,1,0
826,826,0,1,58,1,0,1,00,00,1,0,1,1
827,827,0,1,58,1,0,1,00,00,1,0,1,0
828,828,0,0,59,1,0,1,00,00,1,0,1,1
829,829,0,0,59,1,0,1,00,00,1,0,1,0
830,830,0,0,60,1,0,1,00,00,1,0,1,1
831,831,0,0,60,1,0,1,00,00,1,0,1,0
832,832,0,1,61,1,0,1,00,00,1,0,1,1
833,833,0,1,61,1,0,1,00,00,1,0,1,0
834,834,0,1,62,1,0,1,00,00,1,0,1,1
835,835,0,1,62,1,0,1,00,00,1,0,1,0
836,836,0,0,63,1,0,1,00,00,1,0,1,1
837,837,0,0,63,1,0,1,00,00,1,0,1,0
838,838,0,0,64,1,0,1,00,00,1,0,1,1
839,839,0,0,64,1,0,1,00,00,1,0,1,0
840,840,0,1,65,1,0,1,00,00,1,0,1,1
841,841,0,1,65,1,0,1,00,00,1,0,1,0
842,842,0,1,66,1,0,1,00,00,1,0,1,1
843,843,0,1,66,1,0,1,00,00,1,0,1,0
844,844,0,0,67,1,0,1,00,00,1,0,1,1
845,845,0,0,67,1,0,1,00,00,1,0,1,0
846,846,0,0,68,1,0,1,00,00,1,0,1,1
847,847,0,0,68,1,0,1,00,00,1,0,1,0
848,848,0,0,69,1,0,1,00,00,1,1,1,1
849,849,0,0,69,1,0,1,00,00,1,1,1,0
850,850,0,0,70,1,0,1,00,00,1,1,1,1
851,851,0,0,70,1,0,1,00,00,1,1,1,0
852,852,0,0,0,1,0,1,00,00,1,1,1,1
853,853,0,0,0,1,0,1,00,00,1,1,1,0
854,854,0,0,1,1,0,1,00,00,1,1,1,1
855,855,0,0,1,1,0,1,00,00,1,1,1,0
856,856,0,0,2,1,0,1,00,00,1,1,1,1
857,857,0,0,2,1,0,1,00,00,1,1,1,0
858,858,0,0,3,1,0,1,00,00,1,0,1,1
859,859,0,0,3,1,0,1,00,00,1,0,1,0
860,860,0,0,4,1,0,1,00,00,1,0,1,1
861,861,0,0,4,1,0,1,00,00,1,0,1,0
862,862,0,1,5,1,0,1,00,00,1,0,1,1
863,863,0,1,5,1,0,1,00,00,1,0,1,0
864,864,0,1,6,1,0,1,00,00,1,0,1,1
865,865,0,1,6,1,0,1,00,00,1,0,1,0
866,866,0,0,7,1,0,1,00,00,1,0,1,1
867,867,0,0,7,1,0,1,00,00,1,0,1,0
868,868,0,0,8,1,0,1,00,00,1,0,1,1
869,869,0,0,8,1,0,1,00,00,1,0,1,0
870,870,0,1,9,1,0,1,00,00,1,0,1,1
871,871,0,1,9,1,0,1,00,00,1,0,1,0
872,872,0,1,10,1,0,1,00,00,1,0,1,1
873,873,0,1,10,1,0,1,00,00,1,0,1,0
874,874,0,0,11,1,0,1,00,00,1,0,1,1
875,875,0,0,11,1,0,1,00,00,1,0,1,0
876,876,0,0,12,1,0,1,00,00,1,0,1,1
877,877,0,0,12,1,0,1,00,00,1,0,1,0
878,878,0,1,13,1,0,1,00,00,1,0,1,1
879,879,0,1,13,1,0,1,00,00,1,0,1,0
880,880,0,1,14,1,0,1,00,00,1,0,1,1
881,881,0,1,14,1,0,1,00,00,1,0,1,0
882,882,0,0,15,1,1,1,00,00,1,0,1,1
883,883,0,0,15,1,1,1,00,00,1,0,1,0
884,884,0,0,16,1,1,1,00,00,1,0,1,1
885,885,0,0,16,1,1,1,00,00,1,0,1,0
886,886,0,1,17,1,1,1,00,00,1,0,1,1
887,887,0,1,17,1,1,1,00,00,1,0,1,0
888,888,0,1,18,1,1,1,00,00,1,0,1,1
889,889,0,1,18,1,1,1,00,00,1,0,1,0
890,890,0,0,19,1,0,1,00,00,1,0,1,1
891,891,0,0,19,1,0,1,00,00,1,0,1,0
892,892,0,0,20,1,0,1,00,00,1,0,1,1
893,893,0,0,20,1,0,1,00,00,1,0,1,0
894,894,0,1,21,1,0,1,00,00,1,0,1,1
895,895,0,1,21,1,0,1,00,00,1,0,1,0
896,896,0,1,22,1,0,1,00,00,1,0,1,1
897,897,0,1,22,1,0,1,00,00,1,0,1,0
898,898,0,0,23,1,0,1,00,00,1,0,1,1
899,899,0,0,23,1,0,1,00,00,1,0,1,0
900,900,0,0,24,1,0,1,00,00,1,0,1,1
901,901,0,0,24,1,0,1,00,00,1,0,1,0
902,902,0,1,25,1,0,1,00,00,1,0,1,1
903,903,0,1,25,1,0,1,00,00,1,0,1,0
904,904,0,1,26,1,0,1,00,00,1,0,1,1
905,905,0,1,26,1,0,1,00,00,1,0,1,0
906,906,0,0,27,1,1,1,00,00,1,0,1,1
907,907,0,0,27,1,1,1,00,00,1,0,1,0
908,908,0,0,28,1,1,1,00,00,1,0,1,1
909,909,0,0,28,1,1,1,00,00,1,0,1,0
910,910,0,1,29,1,1,1,00,00,1,0,1,1
911,911,0,1,29,1,1,1,00,00,1,0,1,0
912,912,0,1,30,1,1,1,00,00,1,0,1,1
913,913,0,1,30,1,1,1,00,00,1,0,1,0
914,914,0,0,31,1,0,1,00,00,1,0,1,1
915,915,0,0,31,1,0,1,00,00,1,0,1,0
916,916,0,0,32,1,0,1,00,00,1,0,1,1
917,917,0,0,32,1,0,1,00,00,1,0,1,0
918,918,0,1,33,1,0,1,00,00,1,0,1,1
919,919,0,1,33,1,0,1,00,00,1,0,1,0
920,920,0,1,34,1,0,1,00,00,1,0,1,1
921,921,0,1,34,1,0,1,00,00,1,0,1,0
922,922,0,0,35,1,0,1,00,00,1,0,1,1
923,923,0,0,35,1,0,1,00,00,1,0,1,0
924,924,0,0,36,1,0,1,00,00,1,0,1,1
925,925,0,0,36,1,0,1,00,00,1,0,1,0
926,926,0,1,37,1,0,1,00,00,1,0,1,1
927,927,0,1,37,1,0,1,00,00,1,0,1,0
928,928,0,1,38,1,0,1,00,00,1,0,1,1
929,929,0,1,38,1,0,1,00,00,1,0,1,0
930,930,0,0,39,1,0,1,00,00,1,0,1,1
931,931,0,0,39,1,0,1,00,00,1,0,1,0
932,932,0,0,40,1,0,1,00,00,1,0,1,1
933,933,0,0,40,1,0,1,00,00,1,0,1,0
934,934,0,1,41,1,0,1,00,00,1,0,1,1
935,935,0,1,41,1,0,1,00,00,1,0,1,0
936,936,0,1,42,1,0,1,00,00,1,0,1,1
937,937,0,1,42,1,0,1,00,00,1,0,1,0
938,938,0,0,43,1,0,1,00,00,1,0,1,1
939,939,0,0,43,1,0,1,00,00,1,0,1,0
940,940,0,0,44,1,0,1,00,00,1,0,1,1
941,941,0,0,44,1,0,1,00,00,1,0,1,0
942,942,0,1,45,1,0,1,00,00,1,0,1,1
943,943,0,1,45,1,0,1,00,00,1,0,1,0
944,944,0,1,46,1,0,1,00,00,1,0,1,1
945,945,0,1,46,1,0,1,00,00,1,0,1,0
946,946,0,0,47,1,0,1,00,00,1,0,1,1
947,947,0,0,47,1,0,1,00,00,1,0,1,0
948,948,0,0,48,1,0,1,00,00,1,0,1,1
949,949,0,0,48,1,0,1,00,00,1,0,1,0
950,950,0,1,49,1,0,1,00,00,1,0,1,1
951,951,0,1,49,1,0,1,00,00,1,0,1,0
952,952,0,1,50,1,0,1,00,00,1,0,1,1
953,953,0,1,50,1,0,1,00,00,1,0,1,0
954,954,0,0,51,1,0,1,00,00,1,0,1,1
955,955,0,0,51,1,0,1,00,00,1,0,1,0
956,956,0,0,52,1,0,1,00,00,1,0,1,1
957,957,0,0,52,1,0,1,00,00,1,0,1,0
958,958,0,1,53,1,0,1,00,00,1,0,1,1
959,959,0,1,53,1,0,1,00,00,1,0,1,0
960,960,0,1,54,1,0,1,00,00,1,0,1,1
961,961,0,1,54,1,0,1,00,00,1,0,1,0
962,962,0,0,55,1,0,1,00,00,1,0,1,1
963,963,0,0,55,1,0,1,00,00,1,0,1,0
964,964,0,0,56,1,0,1,00,00,1,0,1,1
965,965,0,0,56,1,0,1,00,00,1,0,1,0
966,966,0,1,57,1,0,1,00,00,1,0,1,1
967,967,0,1,57,1,0,1,00,00,1,0,1,0
968,968,0,1,58,1,0,1,00,00,1,0,1,1
969,969,0,1,58,1,0,1,00,00,1,0,1,0
970,970,0,0,59,1,0,1,00,00,1,0,1,1
971,971,0,0,59,1,0,1,00,00,1,0,1,0
972,972,0,0,60,1,0,1,00,00,1,0,1,1
973,973,0,0,60,1,0,1,00,00,1,0,1,0
974,974,0,1,61,1,0,1,00,00,1,0,1,1
975,975,0,1,61,1,0,1,00,00,1,0,1,0
976,976,0,1,62,1,0,1,00,00,1,0,1,1
977,977,0,1,62,1,0,1,00,00,1,0,1,0
978,978,0,0,63,1,0,1,00,00,1,0,1,1
979,979,0,0,63,1,0,1,00,00,1,0,1,0
980,980,0,0,64,1,0,1,00,00,1,0,1,1
981,981,0,0,64,1,0,1,00,00,1,0,1,0
982,982,0,1,65,1,0,1,00,00,1,0,1,1
983,983,0,1,65,1,0,1,00,00,1,0,1,0
984,984,0,1,66,1,0,1,00,00,1,0,1,1
985,985,0,1,66,1,0,1,00,00,1,0,1,0
986,986,0,0,67,1,0,1,00,00,1,0,1,1
987,987,0,0,67,1,0,1,00,00,1,0,1,0
988,988,0,0,68,1,0,1,00,00,1,0,1,1
989,989,0,0,68,1,0,1,00,00,1,0,1,0
990,990,0,0,69,1,0,1,00,00,1,1,1,1
991,991,0,0,69,1,0,1,00,00,1,1,1,0
992,992,0,0,70,1,0,1,00,00,1,1,1,1
993,993,0,0,70,1,0,1,00,00,1,1,1,0
994,994,0,0,0,1,0,1,00,00,1,1,1,1
995,995,0,0,0,1,0,1,00,00,1,1,1,0
996,996,0,0,1,1,0,1,00,00,1,1,1,1
997,997,0,0,1,1,0,1,00,00,1,1,1,0
998,998,0,0,2,1,0,1,00,00,1,1,1,1
999,999,0,0,2,1,0,1,00,00,1,1,1,0
1000,1000,0,0,3,1,0,1,00,00,1,0,1,1
1001,1001,0,0,3,1,0,1,00,00,1,0,1,0
1002,1002,0,0,4,1,0,1,00,00,1,0,1,1
1003,1003,0,0,4,1,0,1,00,00,1,0,1,0
1004,1004,0,1,5,1,0,1,00,00,1,0,1,1
1005,1005,0,1,5,1,0,1,00,00,1,0,1,0
1006,1006,0,1,6,1,0,1,00,00,1,0,1,1
1007,1007,0,1,6,1,0,1,00,00,1,0,1,0
1008,1008,0,0,7,1,0,1,00,00,1,0,1,1
1009,1009,0,0,7,1,0,1,00,00,1,0,1,0
1010,1010,0,0,8,1,0,1,00,00,1,0,1,1
1011,1011,0,0,8,1,0,1,00,00,1,0,1,0
1012,1012,0,1,9,1,0,1,00,00,1,0,1,1
1013,1013,0,1,9,1,0,1,00,00,1,0,1,0
1014,1014,0,1,10,1,0,1,00,00,1,0,1,1
1015,1015,0,1,10,1,0,1,00,00,1,0,1,0
1016,1016,0,0,11,1,0,1,00,00,1,0,1,1
1017,1017,0,0,11,1,0,1,00,00,1,0,1,0
1018,1018,0,0,12,1,0,1,00,00,1,0,1,1
1019,1019,0,0,12,1,0,1,00,00,1,0,1,0
1020,1020,0,1,13,1,0,1,00,00,1,0,1,1
1021,1021,0,1,13,1,0,1,00,00,1,0,1,0
1022,1022,0,1,14,1,0,1,00,00,1,0,1,1
1023,1023,0,1,14,1,0,1,00,00,1,0,1,0
